first_name,last_name,email,years
Helli,Bartczak,hbartczak0@squidoo.com,2
Zedarius,Caslake,hcaslake5v@bizjournals.com,2
Laurel,Minucci,lminucci1@odnoklassniki.ru,6
Cindi,MacQuaker,cmacquaker4j@state.tx.us,5
Melonie,Angric,mangric2@desdev.cn,1
Cindi,MacQuaker,cmacquaker4j@state.tx.us,8
Zack,Jaynes,zjaynes3@woothemes.com,7
Hilarius,Caslake,hcaslake5v@bizjournals.com,2
Bea,Bamell,bbamell4@cafepress.com,2
Livvyy,Linay,llinay5@tripod.com,4
Jacenta,Lachaize,jlachaize6@studiopress.com,2
Mohandis,Yetts,myetts7@addthis.com,1
Galina,Pratt,gpratt8@statcounter.com,4